{
  "Ansi 7 Color (Light)" : {
    "Red Component" : 0.65882354974746704,
    "Color Space" : "Calibrated",
    "Blue Component" : 0.51764708757400513,
    "Alpha Component" : 1,
    "Green Component" : 0.60000002384185791
  },
  "Ansi 15 Color (Light)" : {
    "Red Component" : 0.92156863212585449,
    "Color Space" : "Calibrated",
    "Blue Component" : 0.69803923368453979,
    "Alpha Component" : 1,
    "Green Component" : 0.85882353782653809
  },
  "Ansi 2 Color (Light)" : {
    "Red Component" : 0.59607845544815063,
    "Color Space" : "Calibrated",
    "Blue Component" : 0.10196078568696976,
    "Alpha Component" : 1,
    "Green Component" : 0.59215688705444336
  },
  "Bold Color" : {
    "Red Component" : 0.062745101749897003,
    "Color Space" : "sRGB",
    "Blue Component" : 0.062745101749897003,
    "Alpha Component" : 1,
    "Green Component" : 0.062745101749897003
  },
  "Ansi 1 Color (Dark)" : {
    "Red Component" : 0.80000001192092896,
    "Color Space" : "Calibrated",
    "Blue Component" : 0.11372549086809158,
    "Alpha Component" : 1,
    "Green Component" : 0.14117647707462311
  },
  "Use Bright Bold" : true,
  "Ansi 9 Color (Light)" : {
    "Red Component" : 0.9843137264251709,
    "Color Space" : "Calibrated",
    "Blue Component" : 0.20392157137393951,
    "Alpha Component" : 1,
    "Green Component" : 0.28627452254295349
  },
  "Ansi 8 Color (Dark)" : {
    "Red Component" : 0.57254904508590698,
    "Color Space" : "Calibrated",
    "Blue Component" : 0.45490196347236633,
    "Alpha Component" : 1,
    "Green Component" : 0.51372551918029785
  },
  "Background Color" : {
    "Red Component" : 0.97999999999999998,
    "Color Space" : "sRGB",
    "Blue Component" : 0.97999999999999998,
    "Alpha Component" : 1,
    "Green Component" : 0.97999999999999998
  },
  "Columns" : 80,
  "Ansi 8 Color" : {
    "Red Component" : 0.40781760215759277,
    "Color Space" : "sRGB",
    "Blue Component" : 0.4078223705291748,
    "Alpha Component" : 1,
    "Green Component" : 0.40782788395881653
  },
  "Right Option Key Sends" : 0,
  "Ansi 4 Color (Light)" : {
    "Red Component" : 0.27058824896812439,
    "Color Space" : "Calibrated",
    "Blue Component" : 0.53333336114883423,
    "Alpha Component" : 1,
    "Green Component" : 0.5215686559677124
  },
  "Blinking Cursor" : false,
  "Selected Text Color (Light)" : {
    "Red Component" : 0.70916998386383057,
    "Color Space" : "Calibrated",
    "Blue Component" : 0.70916998386383057,
    "Alpha Component" : 1,
    "Green Component" : 0.70916998386383057
  },
  "Selected Text Color (Dark)" : {
    "Red Component" : 0.70916998386383057,
    "Color Space" : "Calibrated",
    "Blue Component" : 0.70916998386383057,
    "Alpha Component" : 1,
    "Green Component" : 0.70916998386383057
  },
  "Ansi 3 Color (Dark)" : {
    "Red Component" : 0.84313726425170898,
    "Color Space" : "Calibrated",
    "Blue Component" : 0.12941177189350128,
    "Alpha Component" : 1,
    "Green Component" : 0.60000002384185791
  },
  "Keyboard Map" : {

  },
  "Visual Bell" : true,
  "Cursor Text Color" : {
    "Red Component" : 1,
    "Color Space" : "sRGB",
    "Blue Component" : 1,
    "Alpha Component" : 1,
    "Green Component" : 1
  },
  "Scrollback Lines" : 1000,
  "Selection Color (Light)" : {
    "Red Component" : 0.19607843458652496,
    "Color Space" : "Calibrated",
    "Blue Component" : 0.18431372940540314,
    "Alpha Component" : 1,
    "Green Component" : 0.18823529779911041
  },
  "Ansi 0 Color" : {
    "Red Component" : 0.078431375324726105,
    "Color Space" : "sRGB",
    "Blue Component" : 0.11764705926179886,
    "Alpha Component" : 1,
    "Green Component" : 0.098039217293262482
  },
  "Match Background Color (Dark)" : {
    "Red Component" : 0.99697142839431763,
    "Color Space" : "P3",
    "Blue Component" : 0.32116127014160156,
    "Alpha Component" : 1,
    "Green Component" : 0.98600882291793823
  },
  "Ansi 11 Color (Light)" : {
    "Red Component" : 0.98039215803146362,
    "Color Space" : "Calibrated",
    "Blue Component" : 0.18431372940540314,
    "Alpha Component" : 1,
    "Green Component" : 0.74117648601531982
  },
  "Ansi 5 Color (Dark)" : {
    "Red Component" : 0.69411766529083252,
    "Color Space" : "Calibrated",
    "Blue Component" : 0.52549022436141968,
    "Alpha Component" : 1,
    "Green Component" : 0.38431373238563538
  },
  "Cursor Text Color (Light)" : {
    "Red Component" : 0.90980392694473267,
    "Color Space" : "Calibrated",
    "Blue Component" : 0.64313727617263794,
    "Alpha Component" : 1,
    "Green Component" : 0.83137255907058716
  },
  "Silence Bell" : false,
  "Rows" : 25,
  "Guid" : "63D9A680-F88D-44A3-BF7E-3BE1E4BCEBE7",
  "Ansi 14 Color (Dark)" : {
    "Red Component" : 0.55686277151107788,
    "Color Space" : "Calibrated",
    "Blue Component" : 0.48627451062202454,
    "Alpha Component" : 1,
    "Green Component" : 0.78823530673980713
  },
  "Ansi 15 Color (Dark)" : {
    "Red Component" : 0.92156863212585449,
    "Color Space" : "Calibrated",
    "Blue Component" : 0.69803923368453979,
    "Alpha Component" : 1,
    "Green Component" : 0.85882353782653809
  },
  "Ansi 0 Color (Dark)" : {
    "Red Component" : 0.15686275064945221,
    "Color Space" : "Calibrated",
    "Blue Component" : 0.15686275064945221,
    "Alpha Component" : 1,
    "Green Component" : 0.15686275064945221
  },
  "Ambiguous Double Width" : false,
  "Option Key Sends" : 2,
  "Ansi 3 Color" : {
    "Red Component" : 0.78058648109436035,
    "Color Space" : "sRGB",
    "Blue Component" : 0,
    "Alpha Component" : 1,
    "Green Component" : 0.76959484815597534
  },
  "Window Type" : 0,
  "Smart Cursor Color (Dark)" : true,
  "BM Growl" : true,
  "Prompt Before Closing 2" : false,
  "Command" : "",
  "Selected Text Color" : {
    "Red Component" : 0,
    "Color Space" : "sRGB",
    "Blue Component" : 0,
    "Alpha Component" : 1,
    "Green Component" : 0
  },
  "Ansi 14 Color (Light)" : {
    "Red Component" : 0.55686277151107788,
    "Color Space" : "Calibrated",
    "Blue Component" : 0.48627451062202454,
    "Alpha Component" : 1,
    "Green Component" : 0.78823530673980713
  },
  "Cursor Guide Color (Dark)" : {
    "Red Component" : 0.64999997615814209,
    "Color Space" : "Calibrated",
    "Blue Component" : 1,
    "Alpha Component" : 0.25,
    "Green Component" : 0.9100000262260437
  },
  "Send Code When Idle" : false,
  "Ansi 6 Color" : {
    "Red Component" : 0,
    "Color Space" : "sRGB",
    "Blue Component" : 0.78166204690933228,
    "Alpha Component" : 1,
    "Green Component" : 0.77425903081893921
  },
  "Jobs to Ignore" : [
    "rlogin",
    "ssh",
    "slogin",
    "telnet"
  ],
  "Badge Color (Dark)" : {
    "Red Component" : 1,
    "Color Space" : "Calibrated",
    "Blue Component" : 0,
    "Alpha Component" : 0.5,
    "Green Component" : 0
  },
  "Cursor Color" : {
    "Red Component" : 0,
    "Color Space" : "sRGB",
    "Blue Component" : 0,
    "Alpha Component" : 1,
    "Green Component" : 0
  },
  "Vertical Spacing" : 1,
  "Disable Window Resizing" : true,
  "Close Sessions On End" : true,
  "Selection Color (Dark)" : {
    "Red Component" : 0.19607843458652496,
    "Color Space" : "Calibrated",
    "Blue Component" : 0.18431372940540314,
    "Alpha Component" : 1,
    "Green Component" : 0.18823529779911041
  },
  "Default Bookmark" : "No",
  "Foreground Color (Light)" : {
    "Red Component" : 0.90980392694473267,
    "Color Space" : "Calibrated",
    "Blue Component" : 0.64313727617263794,
    "Alpha Component" : 1,
    "Green Component" : 0.83137255907058716
  },
  "Custom Command" : "No",
  "Background Color (Dark)" : {
    "Red Component" : 0.10980392247438431,
    "Color Space" : "Calibrated",
    "Blue Component" : 0.10980392247438431,
    "Alpha Component" : 1,
    "Green Component" : 0.10980392247438431
  },
  "Ansi 9 Color" : {
    "Red Component" : 0.8659515380859375,
    "Color Space" : "sRGB",
    "Blue Component" : 0.45833224058151245,